{"hp": 83.18942731277534, "atk": 93.66079295154185, "def": 88.4669603524229, "spa": 85.81718061674009, "spd": 86.47797356828194, "spe": 78.77533039647577}