{"hp": 26.504829135714854, "atk": 27.542348734640775, "def": 28.507322052138324, "spa": 29.252803095897914, "spd": 24.621776818315354, "spe": 29.1447505379901}